Workbook

Sheet IDENTITAS SEKOLAH
A1: SISTEM PENILAIAN | J1: DAFTAR GURU
A2: SMP TERPADU AL-ITTIHADIYAH | J2: Qodiatul Asrof Ramadoni, S.E., G.r
J3: M. Ridho Alfarizi
A4: Nama Sekolah | B4: SMP Terpadu Al-Ittihadiyah | J4: Adi Prasetyo, S.Pd., G.r
A5: NPSN | B5: 69888998 | J5: M. Iqbal Gustiawan, S.Pd., G.r
A6: Alamat | B6: Jl. Raya Cikampak No.296, Ciampea Udik, Kec. Ciampea, Kabupaten Bogor, Jawa Barat 16620 | J6: Fitriani Rahayu, S.Mat
A7: Kepala Sekolah | B7: Farhan Sopian Sahid, S.Pd.I | J7: Septi Nur Aeni, S.E
A8: Tahun Pelajaran | B8: 2026/2027 | J8: Windiani, S.E., G.r
A9: Semester | B9: Ganjil | J9: Dafa Maulana, S.Pd
A10: Guru | J10: Nurul Farhiyah, S.Pd., G.r
A11: Mata Pelajaran | J11: Mira Nurdianti, S.Pd
J12: Widianingsih, S.Si., G.r
J13: Mawar Andinia, S.Pd., G.r
A14: PETUNJUK: Isi bagian berwarna kuning. Data pada sheet ini menjadi identitas umum workbook. Pengaturan bobot dan kriteria nilai dilakukan pada sheet 'FORMAT PENILAIAN'.

Sheet FORMAT PENILAIAN
A1: FORMAT & PENGATURAN PENILAIAN
A2: Komponen penilaian hanya ASAS dan ASTS. Bobot dapat diubah guru.
A4: PENGATURAN UMUM
A5: KKM / KKTP | B5: 75
A6: Nilai Maksimal | B6: 100
A7: Nilai Minimal | B7: 0
A8: Batas Predikat A | B8: 90
A9: Batas Predikat B | B9: 80
A10: Batas Predikat C | B10: 75
A11: Batas Predikat D | B11: 0
A13: KOMPONEN NILAI
A14: No | B14: Komponen Penilaian | C14: Bobot (%) | D14: Aktif | E14: Keterangan | G14: TOTAL BOBOT | H14: =SUM(C15:C16) -> 100
A15: 1 | B15: ASAS | C15: 50 | D15: Ya | E15: Asesmen Sumatif Akhir Semester | G15: STATUS | H15: =IF(H14=100,"VALID","CEK BOBOT") -> VALID
A16: 2 | B16: ASTS | C16: 50 | D16: Ya | E16: Asesmen Tengah Semester
A19: CATATAN: Penilaian hanya menggunakan ASAS dan ASTS. Bobot awal 50% + 50%. Guru dapat mengubah bobot pada kolom Bobot (%), tetapi TOTAL BOBOT harus 100%. KKM/KKTP ditetapkan 75.

Sheet 7
A1: REKAP PENILAIAN PESERTA DIDIK
A2: SMP TERPADU AL-ITTIHADIYAH
A4: Kelas | B4: 7 | D4: Tahun Pelajaran | E4: ='IDENTITAS SEKOLAH'!B8 -> 2026/2027 | G4: Semester | H4: ='IDENTITAS SEKOLAH'!B9 -> Ganjil
A5: Mata Pelajaran | B5: ='IDENTITAS SEKOLAH'!B11 -> 0 | D5: KKM / KKTP | E5: ='FORMAT PENILAIAN'!B5 -> 75 | G5: Total Bobot | H5: ='FORMAT PENILAIAN'!H14 -> 100
A8: No | B8: Nama Peserta Didik | C8: L/P | D8: ASTS | E8: ASAS | F8: Nilai Akhir | G8: Predikat | H8: Status | I8: Deskripsi
A9: 1 | B9: AFHTAR SHAKIL | C9: L | F9: =IF(B9="","",IF('FORMAT PENILAIAN'!$H$14<>100,"",ROUND(D9*'FORMAT PENILAIAN'!$C$15/100+E9*'FORMAT PENILAIAN'!$C$16/100,2))) -> 0 | G9: =IF(F9="","",IF(F9>='FORMAT PENILAIAN'!$B$8,"A",IF(F9>='FORMAT PENILAIAN'!$B$9,"B",IF(F9>='FORMAT PENILAIAN'!$B$10,"C","D")))) -> D | H9: =IF(F9="","",IF(F9>='FORMAT PENILAIAN'!$B$5,"Tuntas","Belum Tuntas")) -> Belum Tuntas | I9: =IF(F9="","",IF(G9="A","Penguasaan kompetensi sangat baik.",IF(G9="B","Penguasaan kompetensi baik.",IF(G9="C","Penguasaan kompetensi cukup dan masih perlu penguatan.","Belum mencapai KKM.")))) -> Belum mencapai KKM.
A10: 2 | B10: AKBAR AZHI MUGHNI | C10: L | F10: =IF(B10="","",IF('FORMAT PENILAIAN'!$H$14<>100,"",ROUND(D10*'FORMAT PENILAIAN'!$C$15/100+E10*'FORMAT PENILAIAN'!$C$16/100,2))) -> 0 | G10: =IF(F10="","",IF(F10>='FORMAT PENILAIAN'!$B$8,"A",IF(F10>='FORMAT PENILAIAN'!$B$9,"B",IF(F10>='FORMAT PENILAIAN'!$B$10,"C","D")))) -> D | H10: =IF(F10="","",IF(F10>='FORMAT PENILAIAN'!$B$5,"Tuntas","Belum Tuntas")) -> Belum Tuntas | I10: =IF(F10="","",IF(G10="A","Penguasaan kompetensi sangat baik.",IF(G10="B","Penguasaan kompetensi baik.",IF(G10="C","Penguasaan kompetensi cukup dan masih perlu penguatan.","Belum mencapai KKM.")))) -> Belum mencapai KKM.
A11: 3 | B11: AL-DAFI PUTRA ASYABANI | C11: L | F11: =IF(B11="","",IF('FORMAT PENILAIAN'!$H$14<>100,"",ROUND(D11*'FORMAT PENILAIAN'!$C$15/100+E11*'FORMAT PENILAIAN'!$C$16/100,2))) -> 0 | G11: =IF(F11="","",IF(F11>='FORMAT PENILAIAN'!$B$8,"A",IF(F11>='FORMAT PENILAIAN'!$B$9,"B",IF(F11>='FORMAT PENILAIAN'!$B$10,"C","D")))) -> D | H11: =IF(F11="","",IF(F11>='FORMAT PENILAIAN'!$B$5,"Tuntas","Belum Tuntas")) -> Belum Tuntas | I11: =IF(F11="","",IF(G11="A","Penguasaan kompetensi sangat baik.",IF(G11="B","Penguasaan kompetensi baik.",IF(G11="C","Penguasaan kompetensi cukup dan masih perlu penguatan.","Belum mencapai KKM.")))) -> Belum mencapai KKM.
A12: 4 | B12: FATTURAHMAN RANGGA | C12: L | F12: =IF(B12="","",IF('FORMAT PENILAIAN'!$H$14<>100,"",ROUND(D12*'FORMAT PENILAIAN'!$C$15/100+E12*'FORMAT PENILAIAN'!$C$16/100,2))) -> 0 | G12: =IF(F12="","",IF(F12>='FORMAT PENILAIAN'!$B$8,"A",IF(F12>='FORMAT PENILAIAN'!$B$9,"B",IF(F12>='FORMAT PENILAIAN'!$B$10,"C","D")))) -> D | H12: =IF(F12="","",IF(F12>='FORMAT PENILAIAN'!$B$5,"Tuntas","Belum Tuntas")) -> Belum Tuntas | I12: =IF(F12="","",IF(G12="A","Penguasaan kompetensi sangat baik.",IF(G12="B","Penguasaan kompetensi baik.",IF(G12="C","Penguasaan kompetensi cukup dan masih perlu penguatan.","Belum mencapai KKM.")))) -> Belum mencapai KKM.
A13: 5 | B13: HANIFAH AL-QUSYARI | C13: L | F13: =IF(B13="","",IF('FORMAT PENILAIAN'!$H$14<>100,"",ROUND(D13*'FORMAT PENILAIAN'!$C$15/100+E13*'FORMAT PENILAIAN'!$C$16/100,2))) -> 0 | G13: =IF(F13="","",IF(F13>='FORMAT PENILAIAN'!$B$8,"A",IF(F13>='FORMAT PENILAIAN'!$B$9,"B",IF(F13>='FORMAT PENILAIAN'!$B$10,"C","D")))) -> D | H13: =IF(F13="","",IF(F13>='FORMAT PENILAIAN'!$B$5,"Tuntas","Belum Tuntas")) -> Belum Tuntas | I13: =IF(F13="","",IF(G13="A","Penguasaan kompetensi sangat baik.",IF(G13="B","Penguasaan kompetensi baik.",IF(G13="C","Penguasaan kompetensi cukup dan masih perlu penguatan.","Belum mencapai KKM.")))) -> Belum mencapai KKM.
A14: 6 | B14: IFHAM FATHAR MUBAROK | C14: L | F14: =IF(B14="","",IF('FORMAT PENILAIAN'!$H$14<>100,"",ROUND(D14*'FORMAT PENILAIAN'!$C$15/100+E14*'FORMAT PENILAIAN'!$C$16/100,2))) -> 0 | G14: =IF(F14="","",IF(F14>='FORMAT PENILAIAN'!$B$8,"A",IF(F14>='FORMAT PENILAIAN'!$B$9,"B",IF(F14>='FORMAT PENILAIAN'!$B$10,"C","D")))) -> D | H14: =IF(F14="","",IF(F14>='FORMAT PENILAIAN'!$B$5,"Tuntas","Belum Tuntas")) -> Belum Tuntas | I14: =IF(F14="","",IF(G14="A","Penguasaan kompetensi sangat baik.",IF(G14="B","Penguasaan kompetensi baik.",IF(G14="C","Penguasaan kompetensi cukup dan masih perlu penguatan.","Belum mencapai KKM.")))) -> Belum mencapai KKM.
A15: 7 | B15: MUHAMAD ARDHIANSYAH | C15: L | F15: =IF(B15="","",IF('FORMAT PENILAIAN'!$H$14<>100,"",ROUND(D15*'FORMAT PENILAIAN'!$C$15/100+E15*'FORMAT PENILAIAN'!$C$16/100,2))) -> 0 | G15: =IF(F15="","",IF(F15>='FORMAT PENILAIAN'!$B$8,"A",IF(F15>='FORMAT PENILAIAN'!$B$9,"B",IF(F15>='FORMAT PENILAIAN'!$B$10,"C","D")))) -> D | H15: =IF(F15="","",IF(F15>='FORMAT PENILAIAN'!$B$5,"Tuntas","Belum Tuntas")) -> Belum Tuntas | I15: =IF(F15="","",IF(G15="A","Penguasaan kompetensi sangat baik.",IF(G15="B","Penguasaan kompetensi baik.",IF(G15="C","Penguasaan kompetensi cukup dan masih perlu penguatan.","Belum mencapai KKM.")))) -> Belum mencapai KKM.
A16: 8 | B16: MUHAMAD IBNU ZIKRA | C16: L | F16: =IF(B16="","",IF('FORMAT PENILAIAN'!$H$14<>100,"",ROUND(D16*'FORMAT PENILAIAN'!$C$15/100+E16*'FORMAT PENILAIAN'!$C$16/100,2))) -> 0 | G16: =IF(F16="","",IF(F16>='FORMAT PENILAIAN'!$B$8,"A",IF(F16>='FORMAT PENILAIAN'!$B$9,"B",IF(F16>='FORMAT PENILAIAN'!$B$10,"C","D")))) -> D | H16: =IF(F16="","",IF(F16>='FORMAT PENILAIAN'!$B$5,"Tuntas","Belum Tuntas")) -> Belum Tuntas | I16: =IF(F16="","",IF(G16="A","Penguasaan kompetensi sangat baik.",IF(G16="B","Penguasaan kompetensi baik.",IF(G16="C","Penguasaan kompetensi cukup dan masih perlu penguatan.","Belum mencapai KKM.")))) -> Belum mencapai KKM.
A17: 9 | B17: MUHAMAD MILAN AZKA | C17: L | F17: =IF(B17="","",IF('FORMAT PENILAIAN'!$H$14<>100,"",ROUND(D17*'FORMAT PENILAIAN'!$C$15/100+E17*'FORMAT PENILAIAN'!$C$16/100,2))) -> 0 | G17: =IF(F17="","",IF(F17>='FORMAT PENILAIAN'!$B$8,"A",IF(F17>='FORMAT PENILAIAN'!$B$9,"B",IF(F17>='FORMAT PENILAIAN'!$B$10,"C","D")))) -> D | H17: =IF(F17="","",IF(F17>='FORMAT PENILAIAN'!$B$5,"Tuntas","Belum Tuntas")) -> Belum Tuntas | I17: =IF(F17="","",IF(G17="A","Penguasaan kompetensi sangat baik.",IF(G17="B","Penguasaan kompetensi baik.",IF(G17="C","Penguasaan kompetensi cukup dan masih perlu penguatan.","Belum mencapai KKM.")))) -> Belum mencapai KKM.
A18: 10 | B18: MUHAMAD RIDWAN AULAH | C18: L | F18: =IF(B18="","",IF('FORMAT PENILAIAN'!$H$14<>100,"",ROUND(D18*'FORMAT PENILAIAN'!$C$15/100+E18*'FORMAT PENILAIAN'!$C$16/100,2))) -> 0 | G18: =IF(F18="","",IF(F18>='FORMAT PENILAIAN'!$B$8,"A",IF(F18>='FORMAT PENILAIAN'!$B$9,"B",IF(F18>='FORMAT PENILAIAN'!$B$10,"C","D")))) -> D | H18: =IF(F18="","",IF(F18>='FORMAT PENILAIAN'!$B$5,"Tuntas","Belum Tuntas")) -> Belum Tuntas | I18: =IF(F18="","",IF(G18="A","Penguasaan kompetensi sangat baik.",IF(G18="B","Penguasaan kompetensi baik.",IF(G18="C","Penguasaan kompetensi cukup dan masih perlu penguatan.","Belum mencapai KKM.")))) -> Belum mencapai KKM.
A19: 11 | B19: MUHAMMAD HAMDAN ZULFAN | C19: L | F19: =IF(B19="","",IF('FORMAT PENILAIAN'!$H$14<>100,"",ROUND(D19*'FORMAT PENILAIAN'!$C$15/100+E19*'FORMAT PENILAIAN'!$C$16/100,2))) -> 0 | G19: =IF(F19="","",IF(F19>='FORMAT PENILAIAN'!$B$8,"A",IF(F19>='FORMAT PENILAIAN'!$B$9,"B",IF(F19>='FORMAT PENILAIAN'!$B$10,"C","D")))) -> D | H19: =IF(F19="","",IF(F19>='FORMAT PENILAIAN'!$B$5,"Tuntas","Belum Tuntas")) -> Belum Tuntas | I19: =IF(F19="","",IF(G19="A","Penguasaan kompetensi sangat baik.",IF(G19="B","Penguasaan kompetensi baik.",IF(G19="C","Penguasaan kompetensi cukup dan masih perlu penguatan.","Belum mencapai KKM.")))) -> Belum mencapai KKM.
A20: 12 | B20: MUHAMMAD NABIEL ALQARANI | C20: L | F20: =IF(B20="","",IF('FORMAT PENILAIAN'!$H$14<>100,"",ROUND(D20*'FORMAT PENILAIAN'!$C$15/100+E20*'FORMAT PENILAIAN'!$C$16/100,2))) -> 0 | G20: =IF(F20="","",IF(F20>='FORMAT PENILAIAN'!$B$8,"A",IF(F20>='FORMAT PENILAIAN'!$B$9,"B",IF(F20>='FORMAT PENILAIAN'!$B$10,"C","D")))) -> D | H20: =IF(F20="","",IF(F20>='FORMAT PENILAIAN'!$B$5,"Tuntas","Belum Tuntas")) -> Belum Tuntas | I20: =IF(F20="","",IF(G20="A","Penguasaan kompetensi sangat baik.",IF(G20="B","Penguasaan kompetensi baik.",IF(G20="C","Penguasaan kompetensi cukup dan masih perlu penguatan.","Belum mencapai KKM.")))) -> Belum mencapai KKM.
... A39: 31 | B39: ZAHROFAL MAULA | C39: P | F39: =IF(B39="","",IF('FORMAT PENILAIAN'!$H$14<>100,"",ROUND(D39*'FORMAT PENILAIAN'!$C$15/100+E39*'FORMAT PENILAIAN'!$C$16/100,2))) -> 0 | G39: =IF(F39="","",IF(F39>='FORMAT PENILAIAN'!$B$8,"A",IF(F39>='FORMAT PENILAIAN'!$B$9,"B",IF(F39>='FORMAT PENILAIAN'!$B$10,"C","D")))) -> D | H39: =IF(F39="","",IF(F39>='FORMAT PENILAIAN'!$B$5,"Tuntas","Belum Tuntas")) -> Belum Tuntas | I39: =IF(F39="","",IF(G39="A","Penguasaan kompetensi sangat baik.",IF(G39="B","Penguasaan kompetensi baik.",IF(G39="C","Penguasaan kompetensi cukup dan masih perlu penguatan.","Belum mencapai KKM.")))) -> Belum mencapai KKM.
A42: REKAP KELAS
A43: Jumlah Siswa | B43: =COUNTIF(B9:B39,"<>") -> 31 | E43: Predikat | F43: Jumlah
A44: Siswa Tuntas | B44: =COUNTIF(H9:H39,"Tuntas") -> 0 | E44: A | F44: =COUNTIF(G9:G39,E44) -> 0
A45: Belum Tuntas | B45: =COUNTIF(H9:H39,"Belum Tuntas") -> 31 | E45: B | F45: =COUNTIF(G9:G39,E45) -> 0
A46: Persentase Ketuntasan | B46: =IF(B43=0,0,B44/B43) -> 0 | E46: C | F46: =COUNTIF(G9:G39,E46) -> 0
A47: Rata-rata Kelas | B47: =IFERROR(AVERAGE(F9:F39),0) -> 0 | E47: D | F47: =COUNTIF(G9:G39,E47) -> 31
A48: Nilai Tertinggi | B48: =IFERROR(MAX(F9:F39),0) -> 0
A49: Nilai Terendah | B49: =IFERROR(_xludf.MINIFS(F9:F39,F9:F39,">0"),0) -> 0

Sheet 8A
A1: REKAP PENILAIAN PESERTA DIDIK
A2: SMP TERPADU AL-ITTIHADIYAH
A4: Kelas | B4: 8A | D4: Tahun Pelajaran | E4: ='IDENTITAS SEKOLAH'!B8 -> 2026/2027 | G4: Semester | H4: ='IDENTITAS SEKOLAH'!B9 -> Ganjil
A5: Mata Pelajaran | B5: ='IDENTITAS SEKOLAH'!B11 -> 0 | D5: KKM / KKTP | E5: ='FORMAT PENILAIAN'!B5 -> 75 | G5: Total Bobot | H5: ='FORMAT PENILAIAN'!H14 -> 100
A8: No | B8: Nama Peserta Didik | C8: L/P | D8: ASTS | E8: ASAS | F8: Nilai Akhir | G8: Predikat | H8: Status | I8: Deskripsi
A9: 1 | B9: AMANDA HASNA MIRZA | C9: P | F9: =IF(B9="","",IF('FORMAT PENILAIAN'!$H$14<>100,"",ROUND(D9*'FORMAT PENILAIAN'!$C$15/100+E9*'FORMAT PENILAIAN'!$C$16/100,2))) -> 0 | G9: =IF(F9="","",IF(F9>='FORMAT PENILAIAN'!$B$8,"A",IF(F9>='FORMAT PENILAIAN'!$B$9,"B",IF(F9>='FORMAT PENILAIAN'!$B$10,"C","D")))) -> D | H9: =IF(F9="","",IF(F9>='FORMAT PENILAIAN'!$B$5,"Tuntas","Belum Tuntas")) -> Belum Tuntas | I9: =IF(F9="","",IF(G9="A","Penguasaan kompetensi sangat baik.",IF(G9="B","Penguasaan kompetensi baik.",IF(G9="C","Penguasaan kompetensi cukup dan masih perlu penguatan.","Belum mencapai KKM.")))) -> Belum mencapai KKM.
A10: 2 | B10: BILQIS AINUN NISSA | C10: P | F10: =IF(B10="","",IF('FORMAT PENILAIAN'!$H$14<>100,"",ROUND(D10*'FORMAT PENILAIAN'!$C$15/100+E10*'FORMAT PENILAIAN'!$C$16/100,2))) -> 0 | G10: =IF(F10="","",IF(F10>='FORMAT PENILAIAN'!$B$8,"A",IF(F10>='FORMAT PENILAIAN'!$B$9,"B",IF(F10>='FORMAT PENILAIAN'!$B$10,"C","D")))) -> D | H10: =IF(F10="","",IF(F10>='FORMAT PENILAIAN'!$B$5,"Tuntas","Belum Tuntas")) -> Belum Tuntas | I10: =IF(F10="","",IF(G10="A","Penguasaan kompetensi sangat baik.",IF(G10="B","Penguasaan kompetensi baik.",IF(G10="C","Penguasaan kompetensi cukup dan masih perlu penguatan.","Belum mencapai KKM.")))) -> Belum mencapai KKM.
A11: 3 | B11: CASKIA APRILIA | C11: P | F11: =IF(B11="","",IF('FORMAT PENILAIAN'!$H$14<>100,"",ROUND(D11*'FORMAT PENILAIAN'!$C$15/100+E11*'FORMAT PENILAIAN'!$C$16/100,2))) -> 0 | G11: =IF(F11="","",IF(F11>='FORMAT PENILAIAN'!$B$8,"A",IF(F11>='FORMAT PENILAIAN'!$B$9,"B",IF(F11>='FORMAT PENILAIAN'!$B$10,"C","D")))) -> D | H11: =IF(F11="","",IF(F11>='FORMAT PENILAIAN'!$B$5,"Tuntas","Belum Tuntas")) -> Belum Tuntas | I11: =IF(F11="","",IF(G11="A","Penguasaan kompetensi sangat baik.",IF(G11="B","Penguasaan kompetensi baik.",IF(G11="C","Penguasaan kompetensi cukup dan masih perlu penguatan.","Belum mencapai KKM.")))) -> Belum mencapai KKM.
A12: 4 | B12: KIRANA AURA ANWARUDIN | C12: P | F12: =IF(B12="","",IF('FORMAT PENILAIAN'!$H$14<>100,"",ROUND(D12*'FORMAT PENILAIAN'!$C$15/100+E12*'FORMAT PENILAIAN'!$C$16/100,2))) -> 0 | G12: =IF(F12="","",IF(F12>='FORMAT PENILAIAN'!$B$8,"A",IF(F12>='FORMAT PENILAIAN'!$B$9,"B",IF(F12>='FORMAT PENILAIAN'!$B$10,"C","D")))) -> D | H12: =IF(F12="","",IF(F12>='FORMAT PENILAIAN'!$B$5,"Tuntas","Belum Tuntas")) -> Belum Tuntas | I12: =IF(F12="","",IF(G12="A","Penguasaan kompetensi sangat baik.",IF(G12="B","Penguasaan kompetensi baik.",IF(G12="C","Penguasaan kompetensi cukup dan masih perlu penguatan.","Belum mencapai KKM.")))) -> Belum mencapai KKM.
A13: 5 | B13: NAJWA NUR FADILLAH | C13: P | F13: =IF(B13="","",IF('FORMAT PENILAIAN'!$H$14<>100,"",ROUND(D13*'FORMAT PENILAIAN'!$C$15/100+E13*'FORMAT PENILAIAN'!$C$16/100,2))) -> 0 | G13: =IF(F13="","",IF(F13>='FORMAT PENILAIAN'!$B$8,"A",IF(F13>='FORMAT PENILAIAN'!$B$9,"B",IF(F13>='FORMAT PENILAIAN'!$B$10,"C","D")))) -> D | H13: =IF(F13="","",IF(F13>='FORMAT PENILAIAN'!$B$5,"Tuntas","Belum Tuntas")) -> Belum Tuntas | I13: =IF(F13="","",IF(G13="A","Penguasaan kompetensi sangat baik.",IF(G13="B","Penguasaan kompetensi baik.",IF(G13="C","Penguasaan kompetensi cukup dan masih perlu penguatan.","Belum mencapai KKM.")))) -> Belum mencapai KKM.
A14: 6 | B14: NATASYA HOLIVAH | C14: P | F14: =IF(B14="","",IF('FORMAT PENILAIAN'!$H$14<>100,"",ROUND(D14*'FORMAT PENILAIAN'!$C$15/100+E14*'FORMAT PENILAIAN'!$C$16/100,2))) -> 0 | G14: =IF(F14="","",IF(F14>='FORMAT PENILAIAN'!$B$8,"A",IF(F14>='FORMAT PENILAIAN'!$B$9,"B",IF(F14>='FORMAT PENILAIAN'!$B$10,"C","D")))) -> D | H14: =IF(F14="","",IF(F14>='FORMAT PENILAIAN'!$B$5,"Tuntas","Belum Tuntas")) -> Belum Tuntas | I14: =IF(F14="","",IF(G14="A","Penguasaan kompetensi sangat baik.",IF(G14="B","Penguasaan kompetensi baik.",IF(G14="C","Penguasaan kompetensi cukup dan masih perlu penguatan.","Belum mencapai KKM.")))) -> Belum mencapai KKM.
A15: 7 | B15: RADISTI PUTRI RIANTI | C15: P | F15: =IF(B15="","",IF('FORMAT PENILAIAN'!$H$14<>100,"",ROUND(D15*'FORMAT PENILAIAN'!$C$15/100+E15*'FORMAT PENILAIAN'!$C$16/100,2))) -> 0 | G15: =IF(F15="","",IF(F15>='FORMAT PENILAIAN'!$B$8,"A",IF(F15>='FORMAT PENILAIAN'!$B$9,"B",IF(F15>='FORMAT PENILAIAN'!$B$10,"C","D")))) -> D | H15: =IF(F15="","",IF(F15>='FORMAT PENILAIAN'!$B$5,"Tuntas","Belum Tuntas")) -> Belum Tuntas | I15: =IF(F15="","",IF(G15="A","Penguasaan kompetensi sangat baik.",IF(G15="B","Penguasaan kompetensi baik.",IF(G15="C","Penguasaan kompetensi cukup dan masih perlu penguatan.","Belum mencapai KKM.")))) -> Belum mencapai KKM.
A16: 8 | B16: RIZKA LIANA HAKIM | C16: P | F16: =IF(B16="","",IF('FORMAT PENILAIAN'!$H$14<>100,"",ROUND(D16*'FORMAT PENILAIAN'!$C$15/100+E16*'FORMAT PENILAIAN'!$C$16/100,2))) -> 0 | G16: =IF(F16="","",IF(F16>='FORMAT PENILAIAN'!$B$8,"A",IF(F16>='FORMAT PENILAIAN'!$B$9,"B",IF(F16>='FORMAT PENILAIAN'!$B$10,"C","D")))) -> D | H16: =IF(F16="","",IF(F16>='FORMAT PENILAIAN'!$B$5,"Tuntas","Belum Tuntas")) -> Belum Tuntas | I16: =IF(F16="","",IF(G16="A","Penguasaan kompetensi sangat baik.",IF(G16="B","Penguasaan kompetensi baik.",IF(G16="C","Penguasaan kompetensi cukup dan masih perlu penguatan.","Belum mencapai KKM.")))) -> Belum mencapai KKM.
A17: 9 | B17: SANTIKA | C17: P | F17: =IF(B17="","",IF('FORMAT PENILAIAN'!$H$14<>100,"",ROUND(D17*'FORMAT PENILAIAN'!$C$15/100+E17*'FORMAT PENILAIAN'!$C$16/100,2))) -> 0 | G17: =IF(F17="","",IF(F17>='FORMAT PENILAIAN'!$B$8,"A",IF(F17>='FORMAT PENILAIAN'!$B$9,"B",IF(F17>='FORMAT PENILAIAN'!$B$10,"C","D")))) -> D | H17: =IF(F17="","",IF(F17>='FORMAT PENILAIAN'!$B$5,"Tuntas","Belum Tuntas")) -> Belum Tuntas | I17: =IF(F17="","",IF(G17="A","Penguasaan kompetensi sangat baik.",IF(G17="B","Penguasaan kompetensi baik.",IF(G17="C","Penguasaan kompetensi cukup dan masih perlu penguatan.","Belum mencapai KKM.")))) -> Belum mencapai KKM.
A18: 10 | B18: SITI RUKOYAH | C18: P | F18: =IF(B18="","",IF('FORMAT PENILAIAN'!$H$14<>100,"",ROUND(D18*'FORMAT PENILAIAN'!$C$15/100+E18*'FORMAT PENILAIAN'!$C$16/100,2))) -> 0 | G18: =IF(F18="","",IF(F18>='FORMAT PENILAIAN'!$B$8,"A",IF(F18>='FORMAT PENILAIAN'!$B$9,"B",IF(F18>='FORMAT PENILAIAN'!$B$10,"C","D")))) -> D | H18: =IF(F18="","",IF(F18>='FORMAT PENILAIAN'!$B$5,"Tuntas","Belum Tuntas")) -> Belum Tuntas | I18: =IF(F18="","",IF(G18="A","Penguasaan kompetensi sangat baik.",IF(G18="B","Penguasaan kompetensi baik.",IF(G18="C","Penguasaan kompetensi cukup dan masih perlu penguatan.","Belum mencapai KKM.")))) -> Belum mencapai KKM.
A19: 11 | B19: SUCI RAHMAWATI | C19: P | F19: =IF(B19="","",IF('FORMAT PENILAIAN'!$H$14<>100,"",ROUND(D19*'FORMAT PENILAIAN'!$C$15/100+E19*'FORMAT PENILAIAN'!$C$16/100,2))) -> 0 | G19: =IF(F19="","",IF(F19>='FORMAT PENILAIAN'!$B$8,"A",IF(F19>='FORMAT PENILAIAN'!$B$9,"B",IF(F19>='FORMAT PENILAIAN'!$B$10,"C","D")))) -> D | H19: =IF(F19="","",IF(F19>='FORMAT PENILAIAN'!$B$5,"Tuntas","Belum Tuntas")) -> Belum Tuntas | I19: =IF(F19="","",IF(G19="A","Penguasaan kompetensi sangat baik.",IF(G19="B","Penguasaan kompetensi baik.",IF(G19="C","Penguasaan kompetensi cukup dan masih perlu penguatan.","Belum mencapai KKM.")))) -> Belum mencapai KKM.
A20: 12 | B20: TASYIRA AFIFA | C20: P | F20: =IF(B20="","",IF('FORMAT PENILAIAN'!$H$14<>100,"",ROUND(D20*'FORMAT PENILAIAN'!$C$15/100+E20*'FORMAT PENILAIAN'!$C$16/100,2))) -> 0 | G20: =IF(F20="","",IF(F20>='FORMAT PENILAIAN'!$B$8,"A",IF(F20>='FORMAT PENILAIAN'!$B$9,"B",IF(F20>='FORMAT PENILAIAN'!$B$10,"C","D")))) -> D | H20: =IF(F20="","",IF(F20>='FORMAT PENILAIAN'!$B$5,"Tuntas","Belum Tuntas")) -> Belum Tuntas | I20: =IF(F20="","",IF(G20="A","Penguasaan kompetensi sangat baik.",IF(G20="B","Penguasaan kompetensi baik.",IF(G20="C","Penguasaan kompetensi cukup dan masih perlu penguatan.","Belum mencapai KKM.")))) -> Belum mencapai KKM.
... A23: 15 | B23: YUNA HANDAYANI | C23: P | F23: =IF(B23="","",IF('FORMAT PENILAIAN'!$H$14<>100,"",ROUND(D23*'FORMAT PENILAIAN'!$C$15/100+E23*'FORMAT PENILAIAN'!$C$16/100,2))) -> 0 | G23: =IF(F23="","",IF(F23>='FORMAT PENILAIAN'!$B$8,"A",IF(F23>='FORMAT PENILAIAN'!$B$9,"B",IF(F23>='FORMAT PENILAIAN'!$B$10,"C","D")))) -> D | H23: =IF(F23="","",IF(F23>='FORMAT PENILAIAN'!$B$5,"Tuntas","Belum Tuntas")) -> Belum Tuntas | I23: =IF(F23="","",IF(G23="A","Penguasaan kompetensi sangat baik.",IF(G23="B","Penguasaan kompetensi baik.",IF(G23="C","Penguasaan kompetensi cukup dan masih perlu penguatan.","Belum mencapai KKM.")))) -> Belum mencapai KKM.
A26: REKAP KELAS
A27: Jumlah Siswa | B27: =COUNTIF(B9:B23,"<>") -> 15 | E27: Predikat | F27: Jumlah
A28: Siswa Tuntas | B28: =COUNTIF(H9:H23,"Tuntas") -> 0 | E28: A | F28: =COUNTIF(G9:G23,E28) -> 0
A29: Belum Tuntas | B29: =COUNTIF(H9:H23,"Belum Tuntas") -> 15 | E29: B | F29: =COUNTIF(G9:G23,E29) -> 0
A30: Persentase Ketuntasan | B30: =IF(B27=0,0,B28/B27) -> 0 | E30: C | F30: =COUNTIF(G9:G23,E30) -> 0
A31: Rata-rata Kelas | B31: =IFERROR(AVERAGE(F9:F23),0) -> 0 | E31: D | F31: =COUNTIF(G9:G23,E31) -> 15
A32: Nilai Tertinggi | B32: =IFERROR(MAX(F9:F23),0) -> 0
A33: Nilai Terendah | B33: =IFERROR(_xludf.MINIFS(F9:F23,F9:F23,">0"),0) -> 0

Sheet 8B
A1: REKAP PENILAIAN PESERTA DIDIK
A2: SMP TERPADU AL-ITTIHADIYAH
A4: Kelas | B4: 8B | D4: Tahun Pelajaran | E4: ='IDENTITAS SEKOLAH'!B8 -> 2026/2027 | G4: Semester | H4: ='IDENTITAS SEKOLAH'!B9 -> Ganjil
A5: Mata Pelajaran | B5: ='IDENTITAS SEKOLAH'!B11 -> 0 | D5: KKM / KKTP | E5: ='FORMAT PENILAIAN'!B5 -> 75 | G5: Total Bobot | H5: ='FORMAT PENILAIAN'!H14 -> 100
A8: No | B8: Nama Peserta Didik | C8: L/P | D8: ASTS | E8: ASAS | F8: Nilai Akhir | G8: Predikat | H8: Status | I8: Deskripsi
A9: 1 | B9: ABILA YAZID RIZAQI | C9: L | F9: =IF(B9="","",IF('FORMAT PENILAIAN'!$H$14<>100,"",ROUND(D9*'FORMAT PENILAIAN'!$C$15/100+E9*'FORMAT PENILAIAN'!$C$16/100,2))) -> 0 | G9: =IF(F9="","",IF(F9>='FORMAT PENILAIAN'!$B$8,"A",IF(F9>='FORMAT PENILAIAN'!$B$9,"B",IF(F9>='FORMAT PENILAIAN'!$B$10,"C","D")))) -> D | H9: =IF(F9="","",IF(F9>='FORMAT PENILAIAN'!$B$5,"Tuntas","Belum Tuntas")) -> Belum Tuntas | I9: =IF(F9="","",IF(G9="A","Penguasaan kompetensi sangat baik.",IF(G9="B","Penguasaan kompetensi baik.",IF(G9="C","Penguasaan kompetensi cukup dan masih perlu penguatan.","Belum mencapai KKM.")))) -> Belum mencapai KKM.
A10: 2 | B10: ADRIAN PUTRA NUGRAHA | C10: L | F10: =IF(B10="","",IF('FORMAT PENILAIAN'!$H$14<>100,"",ROUND(D10*'FORMAT PENILAIAN'!$C$15/100+E10*'FORMAT PENILAIAN'!$C$16/100,2))) -> 0 | G10: =IF(F10="","",IF(F10>='FORMAT PENILAIAN'!$B$8,"A",IF(F10>='FORMAT PENILAIAN'!$B$9,"B",IF(F10>='FORMAT PENILAIAN'!$B$10,"C","D")))) -> D | H10: =IF(F10="","",IF(F10>='FORMAT PENILAIAN'!$B$5,"Tuntas","Belum Tuntas")) -> Belum Tuntas | I10: =IF(F10="","",IF(G10="A","Penguasaan kompetensi sangat baik.",IF(G10="B","Penguasaan kompetensi baik.",IF(G10="C","Penguasaan kompetensi cukup dan masih perlu penguatan.","Belum mencapai KKM.")))) -> Belum mencapai KKM.
A11: 3 | B11: AFNAN SYAKIR AZ-ZAKWAN | C11: L | F11: =IF(B11="","",IF('FORMAT PENILAIAN'!$H$14<>100,"",ROUND(D11*'FORMAT PENILAIAN'!$C$15/100+E11*'FORMAT PENILAIAN'!$C$16/100,2))) -> 0 | G11: =IF(F11="","",IF(F11>='FORMAT PENILAIAN'!$B$8,"A",IF(F11>='FORMAT PENILAIAN'!$B$9,"B",IF(F11>='FORMAT PENILAIAN'!$B$10,"C","D")))) -> D | H11: =IF(F11="","",IF(F11>='FORMAT PENILAIAN'!$B$5,"Tuntas","Belum Tuntas")) -> Belum Tuntas | I11: =IF(F11="","",IF(G11="A","Penguasaan kompetensi sangat baik.",IF(G11="B","Penguasaan kompetensi baik.",IF(G11="C","Penguasaan kompetensi cukup dan masih perlu penguatan.","Belum mencapai KKM.")))) -> Belum mencapai KKM.
A12: 4 | B12: FAQIH SIROJUL MUKTI | C12: L | F12: =IF(B12="","",IF('FORMAT PENILAIAN'!$H$14<>100,"",ROUND(D12*'FORMAT PENILAIAN'!$C$15/100+E12*'FORMAT PENILAIAN'!$C$16/100,2))) -> 0 | G12: =IF(F12="","",IF(F12>='FORMAT PENILAIAN'!$B$8,"A",IF(F12>='FORMAT PENILAIAN'!$B$9,"B",IF(F12>='FORMAT PENILAIAN'!$B$10,"C","D")))) -> D | H12: =IF(F12="","",IF(F12>='FORMAT PENILAIAN'!$B$5,"Tuntas","Belum Tuntas")) -> Belum Tuntas | I12: =IF(F12="","",IF(G12="A","Penguasaan kompetensi sangat baik.",IF(G12="B","Penguasaan kompetensi baik.",IF(G12="C","Penguasaan kompetensi cukup dan masih perlu penguatan.","Belum mencapai KKM.")))) -> Belum mencapai KKM.
A13: 5 | B13: FARDHAN HANIF | C13: L | F13: =IF(B13="","",IF('FORMAT PENILAIAN'!$H$14<>100,"",ROUND(D13*'FORMAT PENILAIAN'!$C$15/100+E13*'FORMAT PENILAIAN'!$C$16/100,2))) -> 0 | G13: =IF(F13="","",IF(F13>='FORMAT PENILAIAN'!$B$8,"A",IF(F13>='FORMAT PENILAIAN'!$B$9,"B",IF(F13>='FORMAT PENILAIAN'!$B$10,"C","D")))) -> D | H13: =IF(F13="","",IF(F13>='FORMAT PENILAIAN'!$B$5,"Tuntas","Belum Tuntas")) -> Belum Tuntas | I13: =IF(F13="","",IF(G13="A","Penguasaan kompetensi sangat baik.",IF(G13="B","Penguasaan kompetensi baik.",IF(G13="C","Penguasaan kompetensi cukup dan masih perlu penguatan.","Belum mencapai KKM.")))) -> Belum mencapai KKM.
A14: 6 | B14: FAUZI FADILAH | C14: L | F14: =IF(B14="","",IF('FORMAT PENILAIAN'!$H$14<>100,"",ROUND(D14*'FORMAT PENILAIAN'!$C$15/100+E14*'FORMAT PENILAIAN'!$C$16/100,2))) -> 0 | G14: =IF(F14="","",IF(F14>='FORMAT PENILAIAN'!$B$8,"A",IF(F14>='FORMAT PENILAIAN'!$B$9,"B",IF(F14>='FORMAT PENILAIAN'!$B$10,"C","D")))) -> D | H14: =IF(F14="","",IF(F14>='FORMAT PENILAIAN'!$B$5,"Tuntas","Belum Tuntas")) -> Belum Tuntas | I14: =IF(F14="","",IF(G14="A","Penguasaan kompetensi sangat baik.",IF(G14="B","Penguasaan kompetensi baik.",IF(G14="C","Penguasaan kompetensi cukup dan masih perlu penguatan.","Belum mencapai KKM.")))) -> Belum mencapai KKM.
A15: 7 | B15: FERDIANSYAH | C15: L | F15: =IF(B15="","",IF('FORMAT PENILAIAN'!$H$14<>100,"",ROUND(D15*'FORMAT PENILAIAN'!$C$15/100+E15*'FORMAT PENILAIAN'!$C$16/100,2))) -> 0 | G15: =IF(F15="","",IF(F15>='FORMAT PENILAIAN'!$B$8,"A",IF(F15>='FORMAT PENILAIAN'!$B$9,"B",IF(F15>='FORMAT PENILAIAN'!$B$10,"C","D")))) -> D | H15: =IF(F15="","",IF(F15>='FORMAT PENILAIAN'!$B$5,"Tuntas","Belum Tuntas")) -> Belum Tuntas | I15: =IF(F15="","",IF(G15="A","Penguasaan kompetensi sangat baik.",IF(G15="B","Penguasaan kompetensi baik.",IF(G15="C","Penguasaan kompetensi cukup dan masih perlu penguatan.","Belum mencapai KKM.")))) -> Belum mencapai KKM.
A16: 8 | B16: LEONEL PUTRA PRATAMA | C16: L | F16: =IF(B16="","",IF('FORMAT PENILAIAN'!$H$14<>100,"",ROUND(D16*'FORMAT PENILAIAN'!$C$15/100+E16*'FORMAT PENILAIAN'!$C$16/100,2))) -> 0 | G16: =IF(F16="","",IF(F16>='FORMAT PENILAIAN'!$B$8,"A",IF(F16>='FORMAT PENILAIAN'!$B$9,"B",IF(F16>='FORMAT PENILAIAN'!$B$10,"C","D")))) -> D | H16: =IF(F16="","",IF(F16>='FORMAT PENILAIAN'!$B$5,"Tuntas","Belum Tuntas")) -> Belum Tuntas | I16: =IF(F16="","",IF(G16="A","Penguasaan kompetensi sangat baik.",IF(G16="B","Penguasaan kompetensi baik.",IF(G16="C","Penguasaan kompetensi cukup dan masih perlu penguatan.","Belum mencapai KKM.")))) -> Belum mencapai KKM.
A17: 9 | B17: LUTFI ADITYA | C17: L | F17: =IF(B17="","",IF('FORMAT PENILAIAN'!$H$14<>100,"",ROUND(D17*'FORMAT PENILAIAN'!$C$15/100+E17*'FORMAT PENILAIAN'!$C$16/100,2))) -> 0 | G17: =IF(F17="","",IF(F17>='FORMAT PENILAIAN'!$B$8,"A",IF(F17>='FORMAT PENILAIAN'!$B$9,"B",IF(F17>='FORMAT PENILAIAN'!$B$10,"C","D")))) -> D | H17: =IF(F17="","",IF(F17>='FORMAT PENILAIAN'!$B$5,"Tuntas","Belum Tuntas")) -> Belum Tuntas | I17: =IF(F17="","",IF(G17="A","Penguasaan kompetensi sangat baik.",IF(G17="B","Penguasaan kompetensi baik.",IF(G17="C","Penguasaan kompetensi cukup dan masih perlu penguatan.","Belum mencapai KKM.")))) -> Belum mencapai KKM.
A18: 10 | B18: MARVHEL PUTRA IHSANUL ALIM | C18: L | F18: =IF(B18="","",IF('FORMAT PENILAIAN'!$H$14<>100,"",ROUND(D18*'FORMAT PENILAIAN'!$C$15/100+E18*'FORMAT PENILAIAN'!$C$16/100,2))) -> 0 | G18: =IF(F18="","",IF(F18>='FORMAT PENILAIAN'!$B$8,"A",IF(F18>='FORMAT PENILAIAN'!$B$9,"B",IF(F18>='FORMAT PENILAIAN'!$B$10,"C","D")))) -> D | H18: =IF(F18="","",IF(F18>='FORMAT PENILAIAN'!$B$5,"Tuntas","Belum Tuntas")) -> Belum Tuntas | I18: =IF(F18="","",IF(G18="A","Penguasaan kompetensi sangat baik.",IF(G18="B","Penguasaan kompetensi baik.",IF(G18="C","Penguasaan kompetensi cukup dan masih perlu penguatan.","Belum mencapai KKM.")))) -> Belum mencapai KKM.
A19: 11 | B19: MOCHAMAD GHALIH HAQIKI | C19: L | F19: =IF(B19="","",IF('FORMAT PENILAIAN'!$H$14<>100,"",ROUND(D19*'FORMAT PENILAIAN'!$C$15/100+E19*'FORMAT PENILAIAN'!$C$16/100,2))) -> 0 | G19: =IF(F19="","",IF(F19>='FORMAT PENILAIAN'!$B$8,"A",IF(F19>='FORMAT PENILAIAN'!$B$9,"B",IF(F19>='FORMAT PENILAIAN'!$B$10,"C","D")))) -> D | H19: =IF(F19="","",IF(F19>='FORMAT PENILAIAN'!$B$5,"Tuntas","Belum Tuntas")) -> Belum Tuntas | I19: =IF(F19="","",IF(G19="A","Penguasaan kompetensi sangat baik.",IF(G19="B","Penguasaan kompetensi baik.",IF(G19="C","Penguasaan kompetensi cukup dan masih perlu penguatan.","Belum mencapai KKM.")))) -> Belum mencapai KKM.
A20: 12 | B20: MUHAMAD AL FAZRI | C20: L | F20: =IF(B20="","",IF('FORMAT PENILAIAN'!$H$14<>100,"",ROUND(D20*'FORMAT PENILAIAN'!$C$15/100+E20*'FORMAT PENILAIAN'!$C$16/100,2))) -> 0 | G20: =IF(F20="","",IF(F20>='FORMAT PENILAIAN'!$B$8,"A",IF(F20>='FORMAT PENILAIAN'!$B$9,"B",IF(F20>='FORMAT PENILAIAN'!$B$10,"C","D")))) -> D | H20: =IF(F20="","",IF(F20>='FORMAT PENILAIAN'!$B$5,"Tuntas","Belum Tuntas")) -> Belum Tuntas | I20: =IF(F20="","",IF(G20="A","Penguasaan kompetensi sangat baik.",IF(G20="B","Penguasaan kompetensi baik.",IF(G20="C","Penguasaan kompetensi cukup dan masih perlu penguatan.","Belum mencapai KKM.")))) -> Belum mencapai KKM.
... A37: 29 | B37: NAFIL KHAIRIL AMRIL | C37: L | F37: =IF(B37="","",IF('FORMAT PENILAIAN'!$H$14<>100,"",ROUND(D37*'FORMAT PENILAIAN'!$C$15/100+E37*'FORMAT PENILAIAN'!$C$16/100,2))) -> 0 | G37: =IF(F37="","",IF(F37>='FORMAT PENILAIAN'!$B$8,"A",IF(F37>='FORMAT PENILAIAN'!$B$9,"B",IF(F37>='FORMAT PENILAIAN'!$B$10,"C","D")))) -> D | H37: =IF(F37="","",IF(F37>='FORMAT PENILAIAN'!$B$5,"Tuntas","Belum Tuntas")) -> Belum Tuntas | I37: =IF(F37="","",IF(G37="A","Penguasaan kompetensi sangat baik.",IF(G37="B","Penguasaan kompetensi baik.",IF(G37="C","Penguasaan kompetensi cukup dan masih perlu penguatan.","Belum mencapai KKM.")))) -> Belum mencapai KKM.
A40: REKAP KELAS
A41: Jumlah Siswa | B41: =COUNTIF(B9:B37,"<>") -> 29 | E41: Predikat | F41: Jumlah
A42: Siswa Tuntas | B42: =COUNTIF(H9:H37,"Tuntas") -> 0 | E42: A | F42: =COUNTIF(G9:G37,E42) -> 0
A43: Belum Tuntas | B43: =COUNTIF(H9:H37,"Belum Tuntas") -> 29 | E43: B | F43: =COUNTIF(G9:G37,E43) -> 0
A44: Persentase Ketuntasan | B44: =IF(B41=0,0,B42/B41) -> 0 | E44: C | F44: =COUNTIF(G9:G37,E44) -> 0
A45: Rata-rata Kelas | B45: =IFERROR(AVERAGE(F9:F37),0) -> 0 | E45: D | F45: =COUNTIF(G9:G37,E45) -> 29
A46: Nilai Tertinggi | B46: =IFERROR(MAX(F9:F37),0) -> 0
A47: Nilai Terendah | B47: =IFERROR(_xludf.MINIFS(F9:F37,F9:F37,">0"),0) -> 0

Sheet 9A
A1: REKAP PENILAIAN PESERTA DIDIK
A2: SMP TERPADU AL-ITTIHADIYAH
A4: Kelas | B4: 9A | D4: Tahun Pelajaran | E4: ='IDENTITAS SEKOLAH'!B8 -> 2026/2027 | G4: Semester | H4: ='IDENTITAS SEKOLAH'!B9 -> Ganjil
A5: Mata Pelajaran | B5: ='IDENTITAS SEKOLAH'!B11 -> 0 | D5: KKM / KKTP | E5: ='FORMAT PENILAIAN'!B5 -> 75 | G5: Total Bobot | H5: ='FORMAT PENILAIAN'!H14 -> 100
A8: No | B8: Nama Peserta Didik | C8: L/P | D8: ASTS | E8: ASAS | F8: Nilai Akhir | G8: Predikat | H8: Status | I8: Deskripsi
A9: 1 | B9: ADELIA ZAFIRAH BILQIZ | C9: P | F9: =IF(B9="","",IF('FORMAT PENILAIAN'!$H$14<>100,"",ROUND(D9*'FORMAT PENILAIAN'!$C$15/100+E9*'FORMAT PENILAIAN'!$C$16/100,2))) -> 0 | G9: =IF(F9="","",IF(F9>='FORMAT PENILAIAN'!$B$8,"A",IF(F9>='FORMAT PENILAIAN'!$B$9,"B",IF(F9>='FORMAT PENILAIAN'!$B$10,"C","D")))) -> D | H9: =IF(F9="","",IF(F9>='FORMAT PENILAIAN'!$B$5,"Tuntas","Belum Tuntas")) -> Belum Tuntas | I9: =IF(F9="","",IF(G9="A","Penguasaan kompetensi sangat baik.",IF(G9="B","Penguasaan kompetensi baik.",IF(G9="C","Penguasaan kompetensi cukup dan masih perlu penguatan.","Belum mencapai KKM.")))) -> Belum mencapai KKM.
A10: 2 | B10: AJENG ALIFATUL KHOIR | C10: P | F10: =IF(B10="","",IF('FORMAT PENILAIAN'!$H$14<>100,"",ROUND(D10*'FORMAT PENILAIAN'!$C$15/100+E10*'FORMAT PENILAIAN'!$C$16/100,2))) -> 0 | G10: =IF(F10="","",IF(F10>='FORMAT PENILAIAN'!$B$8,"A",IF(F10>='FORMAT PENILAIAN'!$B$9,"B",IF(F10>='FORMAT PENILAIAN'!$B$10,"C","D")))) -> D | H10: =IF(F10="","",IF(F10>='FORMAT PENILAIAN'!$B$5,"Tuntas","Belum Tuntas")) -> Belum Tuntas | I10: =IF(F10="","",IF(G10="A","Penguasaan kompetensi sangat baik.",IF(G10="B","Penguasaan kompetensi baik.",IF(G10="C","Penguasaan kompetensi cukup dan masih perlu penguatan.","Belum mencapai KKM.")))) -> Belum mencapai KKM.
A11: 3 | B11: ALIKA SAYLA INDRILIAWAN | C11: P | F11: =IF(B11="","",IF('FORMAT PENILAIAN'!$H$14<>100,"",ROUND(D11*'FORMAT PENILAIAN'!$C$15/100+E11*'FORMAT PENILAIAN'!$C$16/100,2))) -> 0 | G11: =IF(F11="","",IF(F11>='FORMAT PENILAIAN'!$B$8,"A",IF(F11>='FORMAT PENILAIAN'!$B$9,"B",IF(F11>='FORMAT PENILAIAN'!$B$10,"C","D")))) -> D | H11: =IF(F11="","",IF(F11>='FORMAT PENILAIAN'!$B$5,"Tuntas","Belum Tuntas")) -> Belum Tuntas | I11: =IF(F11="","",IF(G11="A","Penguasaan kompetensi sangat baik.",IF(G11="B","Penguasaan kompetensi baik.",IF(G11="C","Penguasaan kompetensi cukup dan masih perlu penguatan.","Belum mencapai KKM.")))) -> Belum mencapai KKM.
A12: 4 | B12: AMANDA SINTA RAHMAN | C12: P | F12: =IF(B12="","",IF('FORMAT PENILAIAN'!$H$14<>100,"",ROUND(D12*'FORMAT PENILAIAN'!$C$15/100+E12*'FORMAT PENILAIAN'!$C$16/100,2))) -> 0 | G12: =IF(F12="","",IF(F12>='FORMAT PENILAIAN'!$B$8,"A",IF(F12>='FORMAT PENILAIAN'!$B$9,"B",IF(F12>='FORMAT PENILAIAN'!$B$10,"C","D")))) -> D | H12: =IF(F12="","",IF(F12>='FORMAT PENILAIAN'!$B$5,"Tuntas","Belum Tuntas")) -> Belum Tuntas | I12: =IF(F12="","",IF(G12="A","Penguasaan kompetensi sangat baik.",IF(G12="B","Penguasaan kompetensi baik.",IF(G12="C","Penguasaan kompetensi cukup dan masih perlu penguatan.","Belum mencapai KKM.")))) -> Belum mencapai KKM.
A13: 5 | B13: AZZAHRA ASHILA ROHMAH | C13: P | F13: =IF(B13="","",IF('FORMAT PENILAIAN'!$H$14<>100,"",ROUND(D13*'FORMAT PENILAIAN'!$C$15/100+E13*'FORMAT PENILAIAN'!$C$16/100,2))) -> 0 | G13: =IF(F13="","",IF(F13>='FORMAT PENILAIAN'!$B$8,"A",IF(F13>='FORMAT PENILAIAN'!$B$9,"B",IF(F13>='FORMAT PENILAIAN'!$B$10,"C","D")))) -> D | H13: =IF(F13="","",IF(F13>='FORMAT PENILAIAN'!$B$5,"Tuntas","Belum Tuntas")) -> Belum Tuntas | I13: =IF(F13="","",IF(G13="A","Penguasaan kompetensi sangat baik.",IF(G13="B","Penguasaan kompetensi baik.",IF(G13="C","Penguasaan kompetensi cukup dan masih perlu penguatan.","Belum mencapai KKM.")))) -> Belum mencapai KKM.
A14: 6 | B14: BERYL CALLYSTA AL VINA | C14: P | F14: =IF(B14="","",IF('FORMAT PENILAIAN'!$H$14<>100,"",ROUND(D14*'FORMAT PENILAIAN'!$C$15/100+E14*'FORMAT PENILAIAN'!$C$16/100,2))) -> 0 | G14: =IF(F14="","",IF(F14>='FORMAT PENILAIAN'!$B$8,"A",IF(F14>='FORMAT PENILAIAN'!$B$9,"B",IF(F14>='FORMAT PENILAIAN'!$B$10,"C","D")))) -> D | H14: =IF(F14="","",IF(F14>='FORMAT PENILAIAN'!$B$5,"Tuntas","Belum Tuntas")) -> Belum Tuntas | I14: =IF(F14="","",IF(G14="A","Penguasaan kompetensi sangat baik.",IF(G14="B","Penguasaan kompetensi baik.",IF(G14="C","Penguasaan kompetensi cukup dan masih perlu penguatan.","Belum mencapai KKM.")))) -> Belum mencapai KKM.
A15: 7 | B15: FUJI HIKMAH | C15: P | F15: =IF(B15="","",IF('FORMAT PENILAIAN'!$H$14<>100,"",ROUND(D15*'FORMAT PENILAIAN'!$C$15/100+E15*'FORMAT PENILAIAN'!$C$16/100,2))) -> 0 | G15: =IF(F15="","",IF(F15>='FORMAT PENILAIAN'!$B$8,"A",IF(F15>='FORMAT PENILAIAN'!$B$9,"B",IF(F15>='FORMAT PENILAIAN'!$B$10,"C","D")))) -> D | H15: =IF(F15="","",IF(F15>='FORMAT PENILAIAN'!$B$5,"Tuntas","Belum Tuntas")) -> Belum Tuntas | I15: =IF(F15="","",IF(G15="A","Penguasaan kompetensi sangat baik.",IF(G15="B","Penguasaan kompetensi baik.",IF(G15="C","Penguasaan kompetensi cukup dan masih perlu penguatan.","Belum mencapai KKM.")))) -> Belum mencapai KKM.
A16: 8 | B16: NAJWA PUTRI AZ ZAHWA | C16: P | F16: =IF(B16="","",IF('FORMAT PENILAIAN'!$H$14<>100,"",ROUND(D16*'FORMAT PENILAIAN'!$C$15/100+E16*'FORMAT PENILAIAN'!$C$16/100,2))) -> 0 | G16: =IF(F16="","",IF(F16>='FORMAT PENILAIAN'!$B$8,"A",IF(F16>='FORMAT PENILAIAN'!$B$9,"B",IF(F16>='FORMAT PENILAIAN'!$B$10,"C","D")))) -> D | H16: =IF(F16="","",IF(F16>='FORMAT PENILAIAN'!$B$5,"Tuntas","Belum Tuntas")) -> Belum Tuntas | I16: =IF(F16="","",IF(G16="A","Penguasaan kompetensi sangat baik.",IF(G16="B","Penguasaan kompetensi baik.",IF(G16="C","Penguasaan kompetensi cukup dan masih perlu penguatan.","Belum mencapai KKM.")))) -> Belum mencapai KKM.
A17: 9 | B17: NASYWA AULIUL KAMILAH | C17: P | F17: =IF(B17="","",IF('FORMAT PENILAIAN'!$H$14<>100,"",ROUND(D17*'FORMAT PENILAIAN'!$C$15/100+E17*'FORMAT PENILAIAN'!$C$16/100,2))) -> 0 | G17: =IF(F17="","",IF(F17>='FORMAT PENILAIAN'!$B$8,"A",IF(F17>='FORMAT PENILAIAN'!$B$9,"B",IF(F17>='FORMAT PENILAIAN'!$B$10,"C","D")))) -> D | H17: =IF(F17="","",IF(F17>='FORMAT PENILAIAN'!$B$5,"Tuntas","Belum Tuntas")) -> Belum Tuntas | I17: =IF(F17="","",IF(G17="A","Penguasaan kompetensi sangat baik.",IF(G17="B","Penguasaan kompetensi baik.",IF(G17="C","Penguasaan kompetensi cukup dan masih perlu penguatan.","Belum mencapai KKM.")))) -> Belum mencapai KKM.
A18: 10 | B18: NENDEN SEKAR ARUM | C18: P | F18: =IF(B18="","",IF('FORMAT PENILAIAN'!$H$14<>100,"",ROUND(D18*'FORMAT PENILAIAN'!$C$15/100+E18*'FORMAT PENILAIAN'!$C$16/100,2))) -> 0 | G18: =IF(F18="","",IF(F18>='FORMAT PENILAIAN'!$B$8,"A",IF(F18>='FORMAT PENILAIAN'!$B$9,"B",IF(F18>='FORMAT PENILAIAN'!$B$10,"C","D")))) -> D | H18: =IF(F18="","",IF(F18>='FORMAT PENILAIAN'!$B$5,"Tuntas","Belum Tuntas")) -> Belum Tuntas | I18: =IF(F18="","",IF(G18="A","Penguasaan kompetensi sangat baik.",IF(G18="B","Penguasaan kompetensi baik.",IF(G18="C","Penguasaan kompetensi cukup dan masih perlu penguatan.","Belum mencapai KKM.")))) -> Belum mencapai KKM.
A19: 11 | B19: PUTRI HAFSOH RABANI | C19: P | F19: =IF(B19="","",IF('FORMAT PENILAIAN'!$H$14<>100,"",ROUND(D19*'FORMAT PENILAIAN'!$C$15/100+E19*'FORMAT PENILAIAN'!$C$16/100,2))) -> 0 | G19: =IF(F19="","",IF(F19>='FORMAT PENILAIAN'!$B$8,"A",IF(F19>='FORMAT PENILAIAN'!$B$9,"B",IF(F19>='FORMAT PENILAIAN'!$B$10,"C","D")))) -> D | H19: =IF(F19="","",IF(F19>='FORMAT PENILAIAN'!$B$5,"Tuntas","Belum Tuntas")) -> Belum Tuntas | I19: =IF(F19="","",IF(G19="A","Penguasaan kompetensi sangat baik.",IF(G19="B","Penguasaan kompetensi baik.",IF(G19="C","Penguasaan kompetensi cukup dan masih perlu penguatan.","Belum mencapai KKM.")))) -> Belum mencapai KKM.
A20: 12 | B20: RAHMA NUR ALIPAH | C20: P | F20: =IF(B20="","",IF('FORMAT PENILAIAN'!$H$14<>100,"",ROUND(D20*'FORMAT PENILAIAN'!$C$15/100+E20*'FORMAT PENILAIAN'!$C$16/100,2))) -> 0 | G20: =IF(F20="","",IF(F20>='FORMAT PENILAIAN'!$B$8,"A",IF(F20>='FORMAT PENILAIAN'!$B$9,"B",IF(F20>='FORMAT PENILAIAN'!$B$10,"C","D")))) -> D | H20: =IF(F20="","",IF(F20>='FORMAT PENILAIAN'!$B$5,"Tuntas","Belum Tuntas")) -> Belum Tuntas | I20: =IF(F20="","",IF(G20="A","Penguasaan kompetensi sangat baik.",IF(G20="B","Penguasaan kompetensi baik.",IF(G20="C","Penguasaan kompetensi cukup dan masih perlu penguatan.","Belum mencapai KKM.")))) -> Belum mencapai KKM.
... A28: 20 | B28: TIYA APRIANI | C28: P | F28: =IF(B28="","",IF('FORMAT PENILAIAN'!$H$14<>100,"",ROUND(D28*'FORMAT PENILAIAN'!$C$15/100+E28*'FORMAT PENILAIAN'!$C$16/100,2))) -> 0 | G28: =IF(F28="","",IF(F28>='FORMAT PENILAIAN'!$B$8,"A",IF(F28>='FORMAT PENILAIAN'!$B$9,"B",IF(F28>='FORMAT PENILAIAN'!$B$10,"C","D")))) -> D | H28: =IF(F28="","",IF(F28>='FORMAT PENILAIAN'!$B$5,"Tuntas","Belum Tuntas")) -> Belum Tuntas | I28: =IF(F28="","",IF(G28="A","Penguasaan kompetensi sangat baik.",IF(G28="B","Penguasaan kompetensi baik.",IF(G28="C","Penguasaan kompetensi cukup dan masih perlu penguatan.","Belum mencapai KKM.")))) -> Belum mencapai KKM.
A31: REKAP KELAS
A32: Jumlah Siswa | B32: =COUNTIF(B9:B28,"<>") -> 20 | E32: Predikat | F32: Jumlah
A33: Siswa Tuntas | B33: =COUNTIF(H9:H28,"Tuntas") -> 0 | E33: A | F33: =COUNTIF(G9:G28,E33) -> 0
A34: Belum Tuntas | B34: =COUNTIF(H9:H28,"Belum Tuntas") -> 20 | E34: B | F34: =COUNTIF(G9:G28,E34) -> 0
A35: Persentase Ketuntasan | B35: =IF(B32=0,0,B33/B32) -> 0 | E35: C | F35: =COUNTIF(G9:G28,E35) -> 0
A36: Rata-rata Kelas | B36: =IFERROR(AVERAGE(F9:F28),0) -> 0 | E36: D | F36: =COUNTIF(G9:G28,E36) -> 20
A37: Nilai Tertinggi | B37: =IFERROR(MAX(F9:F28),0) -> 0
A38: Nilai Terendah | B38: =IFERROR(_xludf.MINIFS(F9:F28,F9:F28,">0"),0) -> 0

Sheet 9B
A1: REKAP PENILAIAN PESERTA DIDIK
A2: SMP TERPADU AL-ITTIHADIYAH
A4: Kelas | B4: 9B | D4: Tahun Pelajaran | E4: ='IDENTITAS SEKOLAH'!B8 -> 2026/2027 | G4: Semester | H4: ='IDENTITAS SEKOLAH'!B9 -> Ganjil
A5: Mata Pelajaran | B5: ='IDENTITAS SEKOLAH'!B11 -> 0 | D5: KKM / KKTP | E5: ='FORMAT PENILAIAN'!B5 -> 75 | G5: Total Bobot | H5: ='FORMAT PENILAIAN'!H14 -> 100
A8: No | B8: Nama Peserta Didik | C8: L/P | D8: ASTS | E8: ASAS | F8: Nilai Akhir | G8: Predikat | H8: Status | I8: Deskripsi
A9: 1 | B9: ANDIKA PRATAMA | C9: L | F9: =IF(B9="","",IF('FORMAT PENILAIAN'!$H$14<>100,"",ROUND(D9*'FORMAT PENILAIAN'!$C$15/100+E9*'FORMAT PENILAIAN'!$C$16/100,2))) -> 0 | G9: =IF(F9="","",IF(F9>='FORMAT PENILAIAN'!$B$8,"A",IF(F9>='FORMAT PENILAIAN'!$B$9,"B",IF(F9>='FORMAT PENILAIAN'!$B$10,"C","D")))) -> D | H9: =IF(F9="","",IF(F9>='FORMAT PENILAIAN'!$B$5,"Tuntas","Belum Tuntas")) -> Belum Tuntas | I9: =IF(F9="","",IF(G9="A","Penguasaan kompetensi sangat baik.",IF(G9="B","Penguasaan kompetensi baik.",IF(G9="C","Penguasaan kompetensi cukup dan masih perlu penguatan.","Belum mencapai KKM.")))) -> Belum mencapai KKM.
A10: 2 | B10: ARIIQ SAFWAAN AL BARRA | C10: L | F10: =IF(B10="","",IF('FORMAT PENILAIAN'!$H$14<>100,"",ROUND(D10*'FORMAT PENILAIAN'!$C$15/100+E10*'FORMAT PENILAIAN'!$C$16/100,2))) -> 0 | G10: =IF(F10="","",IF(F10>='FORMAT PENILAIAN'!$B$8,"A",IF(F10>='FORMAT PENILAIAN'!$B$9,"B",IF(F10>='FORMAT PENILAIAN'!$B$10,"C","D")))) -> D | H10: =IF(F10="","",IF(F10>='FORMAT PENILAIAN'!$B$5,"Tuntas","Belum Tuntas")) -> Belum Tuntas | I10: =IF(F10="","",IF(G10="A","Penguasaan kompetensi sangat baik.",IF(G10="B","Penguasaan kompetensi baik.",IF(G10="C","Penguasaan kompetensi cukup dan masih perlu penguatan.","Belum mencapai KKM.")))) -> Belum mencapai KKM.
A11: 3 | B11: AZFIA MAULUDIN ILHAM | C11: L | F11: =IF(B11="","",IF('FORMAT PENILAIAN'!$H$14<>100,"",ROUND(D11*'FORMAT PENILAIAN'!$C$15/100+E11*'FORMAT PENILAIAN'!$C$16/100,2))) -> 0 | G11: =IF(F11="","",IF(F11>='FORMAT PENILAIAN'!$B$8,"A",IF(F11>='FORMAT PENILAIAN'!$B$9,"B",IF(F11>='FORMAT PENILAIAN'!$B$10,"C","D")))) -> D | H11: =IF(F11="","",IF(F11>='FORMAT PENILAIAN'!$B$5,"Tuntas","Belum Tuntas")) -> Belum Tuntas | I11: =IF(F11="","",IF(G11="A","Penguasaan kompetensi sangat baik.",IF(G11="B","Penguasaan kompetensi baik.",IF(G11="C","Penguasaan kompetensi cukup dan masih perlu penguatan.","Belum mencapai KKM.")))) -> Belum mencapai KKM.
A12: 4 | B12: FAIRUZ PRASETIA | C12: L | F12: =IF(B12="","",IF('FORMAT PENILAIAN'!$H$14<>100,"",ROUND(D12*'FORMAT PENILAIAN'!$C$15/100+E12*'FORMAT PENILAIAN'!$C$16/100,2))) -> 0 | G12: =IF(F12="","",IF(F12>='FORMAT PENILAIAN'!$B$8,"A",IF(F12>='FORMAT PENILAIAN'!$B$9,"B",IF(F12>='FORMAT PENILAIAN'!$B$10,"C","D")))) -> D | H12: =IF(F12="","",IF(F12>='FORMAT PENILAIAN'!$B$5,"Tuntas","Belum Tuntas")) -> Belum Tuntas | I12: =IF(F12="","",IF(G12="A","Penguasaan kompetensi sangat baik.",IF(G12="B","Penguasaan kompetensi baik.",IF(G12="C","Penguasaan kompetensi cukup dan masih perlu penguatan.","Belum mencapai KKM.")))) -> Belum mencapai KKM.
A13: 5 | B13: FARIZ ABQORI MAULANA | C13: L | F13: =IF(B13="","",IF('FORMAT PENILAIAN'!$H$14<>100,"",ROUND(D13*'FORMAT PENILAIAN'!$C$15/100+E13*'FORMAT PENILAIAN'!$C$16/100,2))) -> 0 | G13: =IF(F13="","",IF(F13>='FORMAT PENILAIAN'!$B$8,"A",IF(F13>='FORMAT PENILAIAN'!$B$9,"B",IF(F13>='FORMAT PENILAIAN'!$B$10,"C","D")))) -> D | H13: =IF(F13="","",IF(F13>='FORMAT PENILAIAN'!$B$5,"Tuntas","Belum Tuntas")) -> Belum Tuntas | I13: =IF(F13="","",IF(G13="A","Penguasaan kompetensi sangat baik.",IF(G13="B","Penguasaan kompetensi baik.",IF(G13="C","Penguasaan kompetensi cukup dan masih perlu penguatan.","Belum mencapai KKM.")))) -> Belum mencapai KKM.
A14: 6 | B14: FITRA RAMADHAN | C14: L | F14: =IF(B14="","",IF('FORMAT PENILAIAN'!$H$14<>100,"",ROUND(D14*'FORMAT PENILAIAN'!$C$15/100+E14*'FORMAT PENILAIAN'!$C$16/100,2))) -> 0 | G14: =IF(F14="","",IF(F14>='FORMAT PENILAIAN'!$B$8,"A",IF(F14>='FORMAT PENILAIAN'!$B$9,"B",IF(F14>='FORMAT PENILAIAN'!$B$10,"C","D")))) -> D | H14: =IF(F14="","",IF(F14>='FORMAT PENILAIAN'!$B$5,"Tuntas","Belum Tuntas")) -> Belum Tuntas | I14: =IF(F14="","",IF(G14="A","Penguasaan kompetensi sangat baik.",IF(G14="B","Penguasaan kompetensi baik.",IF(G14="C","Penguasaan kompetensi cukup dan masih perlu penguatan.","Belum mencapai KKM.")))) -> Belum mencapai KKM.
A15: 7 | B15: M RAFQA ADITIA | C15: L | F15: =IF(B15="","",IF('FORMAT PENILAIAN'!$H$14<>100,"",ROUND(D15*'FORMAT PENILAIAN'!$C$15/100+E15*'FORMAT PENILAIAN'!$C$16/100,2))) -> 0 | G15: =IF(F15="","",IF(F15>='FORMAT PENILAIAN'!$B$8,"A",IF(F15>='FORMAT PENILAIAN'!$B$9,"B",IF(F15>='FORMAT PENILAIAN'!$B$10,"C","D")))) -> D | H15: =IF(F15="","",IF(F15>='FORMAT PENILAIAN'!$B$5,"Tuntas","Belum Tuntas")) -> Belum Tuntas | I15: =IF(F15="","",IF(G15="A","Penguasaan kompetensi sangat baik.",IF(G15="B","Penguasaan kompetensi baik.",IF(G15="C","Penguasaan kompetensi cukup dan masih perlu penguatan.","Belum mencapai KKM.")))) -> Belum mencapai KKM.
A16: 8 | B16: M. AZKA PRATAMA | C16: L | F16: =IF(B16="","",IF('FORMAT PENILAIAN'!$H$14<>100,"",ROUND(D16*'FORMAT PENILAIAN'!$C$15/100+E16*'FORMAT PENILAIAN'!$C$16/100,2))) -> 0 | G16: =IF(F16="","",IF(F16>='FORMAT PENILAIAN'!$B$8,"A",IF(F16>='FORMAT PENILAIAN'!$B$9,"B",IF(F16>='FORMAT PENILAIAN'!$B$10,"C","D")))) -> D | H16: =IF(F16="","",IF(F16>='FORMAT PENILAIAN'!$B$5,"Tuntas","Belum Tuntas")) -> Belum Tuntas | I16: =IF(F16="","",IF(G16="A","Penguasaan kompetensi sangat baik.",IF(G16="B","Penguasaan kompetensi baik.",IF(G16="C","Penguasaan kompetensi cukup dan masih perlu penguatan.","Belum mencapai KKM.")))) -> Belum mencapai KKM.
A17: 9 | B17: MUHAMAD AINUL YAQIN | C17: L | F17: =IF(B17="","",IF('FORMAT PENILAIAN'!$H$14<>100,"",ROUND(D17*'FORMAT PENILAIAN'!$C$15/100+E17*'FORMAT PENILAIAN'!$C$16/100,2))) -> 0 | G17: =IF(F17="","",IF(F17>='FORMAT PENILAIAN'!$B$8,"A",IF(F17>='FORMAT PENILAIAN'!$B$9,"B",IF(F17>='FORMAT PENILAIAN'!$B$10,"C","D")))) -> D | H17: =IF(F17="","",IF(F17>='FORMAT PENILAIAN'!$B$5,"Tuntas","Belum Tuntas")) -> Belum Tuntas | I17: =IF(F17="","",IF(G17="A","Penguasaan kompetensi sangat baik.",IF(G17="B","Penguasaan kompetensi baik.",IF(G17="C","Penguasaan kompetensi cukup dan masih perlu penguatan.","Belum mencapai KKM.")))) -> Belum mencapai KKM.
A18: 10 | B18: MUHAMAD ALFIN | C18: L | F18: =IF(B18="","",IF('FORMAT PENILAIAN'!$H$14<>100,"",ROUND(D18*'FORMAT PENILAIAN'!$C$15/100+E18*'FORMAT PENILAIAN'!$C$16/100,2))) -> 0 | G18: =IF(F18="","",IF(F18>='FORMAT PENILAIAN'!$B$8,"A",IF(F18>='FORMAT PENILAIAN'!$B$9,"B",IF(F18>='FORMAT PENILAIAN'!$B$10,"C","D")))) -> D | H18: =IF(F18="","",IF(F18>='FORMAT PENILAIAN'!$B$5,"Tuntas","Belum Tuntas")) -> Belum Tuntas | I18: =IF(F18="","",IF(G18="A","Penguasaan kompetensi sangat baik.",IF(G18="B","Penguasaan kompetensi baik.",IF(G18="C","Penguasaan kompetensi cukup dan masih perlu penguatan.","Belum mencapai KKM.")))) -> Belum mencapai KKM.
A19: 11 | B19: MUHAMAD RAFA | C19: L | F19: =IF(B19="","",IF('FORMAT PENILAIAN'!$H$14<>100,"",ROUND(D19*'FORMAT PENILAIAN'!$C$15/100+E19*'FORMAT PENILAIAN'!$C$16/100,2))) -> 0 | G19: =IF(F19="","",IF(F19>='FORMAT PENILAIAN'!$B$8,"A",IF(F19>='FORMAT PENILAIAN'!$B$9,"B",IF(F19>='FORMAT PENILAIAN'!$B$10,"C","D")))) -> D | H19: =IF(F19="","",IF(F19>='FORMAT PENILAIAN'!$B$5,"Tuntas","Belum Tuntas")) -> Belum Tuntas | I19: =IF(F19="","",IF(G19="A","Penguasaan kompetensi sangat baik.",IF(G19="B","Penguasaan kompetensi baik.",IF(G19="C","Penguasaan kompetensi cukup dan masih perlu penguatan.","Belum mencapai KKM.")))) -> Belum mencapai KKM.
A20: 12 | B20: MUHAMAD SAEPUL AMRI | C20: L | F20: =IF(B20="","",IF('FORMAT PENILAIAN'!$H$14<>100,"",ROUND(D20*'FORMAT PENILAIAN'!$C$15/100+E20*'FORMAT PENILAIAN'!$C$16/100,2))) -> 0 | G20: =IF(F20="","",IF(F20>='FORMAT PENILAIAN'!$B$8,"A",IF(F20>='FORMAT PENILAIAN'!$B$9,"B",IF(F20>='FORMAT PENILAIAN'!$B$10,"C","D")))) -> D | H20: =IF(F20="","",IF(F20>='FORMAT PENILAIAN'!$B$5,"Tuntas","Belum Tuntas")) -> Belum Tuntas | I20: =IF(F20="","",IF(G20="A","Penguasaan kompetensi sangat baik.",IF(G20="B","Penguasaan kompetensi baik.",IF(G20="C","Penguasaan kompetensi cukup dan masih perlu penguatan.","Belum mencapai KKM.")))) -> Belum mencapai KKM.
... A34: 26 | B34: YUGATA RAMADHAN | C34: L | F34: =IF(B34="","",IF('FORMAT PENILAIAN'!$H$14<>100,"",ROUND(D34*'FORMAT PENILAIAN'!$C$15/100+E34*'FORMAT PENILAIAN'!$C$16/100,2))) -> 0 | G34: =IF(F34="","",IF(F34>='FORMAT PENILAIAN'!$B$8,"A",IF(F34>='FORMAT PENILAIAN'!$B$9,"B",IF(F34>='FORMAT PENILAIAN'!$B$10,"C","D")))) -> D | H34: =IF(F34="","",IF(F34>='FORMAT PENILAIAN'!$B$5,"Tuntas","Belum Tuntas")) -> Belum Tuntas | I34: =IF(F34="","",IF(G34="A","Penguasaan kompetensi sangat baik.",IF(G34="B","Penguasaan kompetensi baik.",IF(G34="C","Penguasaan kompetensi cukup dan masih perlu penguatan.","Belum mencapai KKM.")))) -> Belum mencapai KKM.
A37: REKAP KELAS
A38: Jumlah Siswa | B38: =COUNTIF(B9:B34,"<>") -> 26 | E38: Predikat | F38: Jumlah
A39: Siswa Tuntas | B39: =COUNTIF(H9:H34,"Tuntas") -> 0 | E39: A | F39: =COUNTIF(G9:G34,E39) -> 0
A40: Belum Tuntas | B40: =COUNTIF(H9:H34,"Belum Tuntas") -> 26 | E40: B | F40: =COUNTIF(G9:G34,E40) -> 0
A41: Persentase Ketuntasan | B41: =IF(B38=0,0,B39/B38) -> 0 | E41: C | F41: =COUNTIF(G9:G34,E41) -> 0
A42: Rata-rata Kelas | B42: =IFERROR(AVERAGE(F9:F34),0) -> 0 | E42: D | F42: =COUNTIF(G9:G34,E42) -> 26
A43: Nilai Tertinggi | B43: =IFERROR(MAX(F9:F34),0) -> 0
A44: Nilai Terendah | B44: =IFERROR(_xludf.MINIFS(F9:F34,F9:F34,">0"),0) -> 0

Sheet SMA
A1: REKAP PENILAIAN PESERTA DIDIK
A2: SMA TERPADU AS SALAAM
A4: Kelas | B4: SMA | D4: Tahun Pelajaran | E4: ='IDENTITAS SEKOLAH'!B8 -> 2026/2027 | G4: Semester | H4: ='IDENTITAS SEKOLAH'!B9 -> Ganjil
A5: Mata Pelajaran | B5: ='IDENTITAS SEKOLAH'!B11 -> 0 | D5: KKM / KKTP | E5: ='FORMAT PENILAIAN'!B5 -> 75 | G5: Total Bobot | H5: ='FORMAT PENILAIAN'!H14 -> 100
A8: No | B8: Nama Peserta Didik | C8: L/P | D8: ASTS | E8: ASAS | F8: Nilai Akhir | G8: Predikat | H8: Status | I8: Deskripsi
A9: 1 | B9: M. FAZRIL FATURRAHMAN | C9: L | F9: =IF(B9="","",IF('FORMAT PENILAIAN'!$H$14<>100,"",ROUND(D9*'FORMAT PENILAIAN'!$C$15/100+E9*'FORMAT PENILAIAN'!$C$16/100,2))) -> 0 | G9: =IF(F9="","",IF(F9>='FORMAT PENILAIAN'!$B$8,"A",IF(F9>='FORMAT PENILAIAN'!$B$9,"B",IF(F9>='FORMAT PENILAIAN'!$B$10,"C","D")))) -> D | H9: =IF(F9="","",IF(F9>='FORMAT PENILAIAN'!$B$5,"Tuntas","Belum Tuntas")) -> Belum Tuntas | I9: =IF(F9="","",IF(G9="A","Penguasaan kompetensi sangat baik.",IF(G9="B","Penguasaan kompetensi baik.",IF(G9="C","Penguasaan kompetensi cukup dan masih perlu penguatan.","Belum mencapai KKM.")))) -> Belum mencapai KKM.
A10: 2 | B10: M. RIZKI ZAELANI | C10: L | F10: =IF(B10="","",IF('FORMAT PENILAIAN'!$H$14<>100,"",ROUND(D10*'FORMAT PENILAIAN'!$C$15/100+E10*'FORMAT PENILAIAN'!$C$16/100,2))) -> 0 | G10: =IF(F10="","",IF(F10>='FORMAT PENILAIAN'!$B$8,"A",IF(F10>='FORMAT PENILAIAN'!$B$9,"B",IF(F10>='FORMAT PENILAIAN'!$B$10,"C","D")))) -> D | H10: =IF(F10="","",IF(F10>='FORMAT PENILAIAN'!$B$5,"Tuntas","Belum Tuntas")) -> Belum Tuntas | I10: =IF(F10="","",IF(G10="A","Penguasaan kompetensi sangat baik.",IF(G10="B","Penguasaan kompetensi baik.",IF(G10="C","Penguasaan kompetensi cukup dan masih perlu penguatan.","Belum mencapai KKM.")))) -> Belum mencapai KKM.
A11: 3 | B11: M. SAYYID AGIL M | C11: L | F11: =IF(B11="","",IF('FORMAT PENILAIAN'!$H$14<>100,"",ROUND(D11*'FORMAT PENILAIAN'!$C$15/100+E11*'FORMAT PENILAIAN'!$C$16/100,2))) -> 0 | G11: =IF(F11="","",IF(F11>='FORMAT PENILAIAN'!$B$8,"A",IF(F11>='FORMAT PENILAIAN'!$B$9,"B",IF(F11>='FORMAT PENILAIAN'!$B$10,"C","D")))) -> D | H11: =IF(F11="","",IF(F11>='FORMAT PENILAIAN'!$B$5,"Tuntas","Belum Tuntas")) -> Belum Tuntas | I11: =IF(F11="","",IF(G11="A","Penguasaan kompetensi sangat baik.",IF(G11="B","Penguasaan kompetensi baik.",IF(G11="C","Penguasaan kompetensi cukup dan masih perlu penguatan.","Belum mencapai KKM.")))) -> Belum mencapai KKM.
A12: 4 | B12: ZAKII AHMAD ALFARIDZI | C12: L | F12: =IF(B12="","",IF('FORMAT PENILAIAN'!$H$14<>100,"",ROUND(D12*'FORMAT PENILAIAN'!$C$15/100+E12*'FORMAT PENILAIAN'!$C$16/100,2))) -> 0 | G12: =IF(F12="","",IF(F12>='FORMAT PENILAIAN'!$B$8,"A",IF(F12>='FORMAT PENILAIAN'!$B$9,"B",IF(F12>='FORMAT PENILAIAN'!$B$10,"C","D")))) -> D | H12: =IF(F12="","",IF(F12>='FORMAT PENILAIAN'!$B$5,"Tuntas","Belum Tuntas")) -> Belum Tuntas | I12: =IF(F12="","",IF(G12="A","Penguasaan kompetensi sangat baik.",IF(G12="B","Penguasaan kompetensi baik.",IF(G12="C","Penguasaan kompetensi cukup dan masih perlu penguatan.","Belum mencapai KKM.")))) -> Belum mencapai KKM.
A13: 5 | B13: ARNESTA HADIWINATA | C13: P | F13: =IF(B13="","",IF('FORMAT PENILAIAN'!$H$14<>100,"",ROUND(D13*'FORMAT PENILAIAN'!$C$15/100+E13*'FORMAT PENILAIAN'!$C$16/100,2))) -> 0 | G13: =IF(F13="","",IF(F13>='FORMAT PENILAIAN'!$B$8,"A",IF(F13>='FORMAT PENILAIAN'!$B$9,"B",IF(F13>='FORMAT PENILAIAN'!$B$10,"C","D")))) -> D | H13: =IF(F13="","",IF(F13>='FORMAT PENILAIAN'!$B$5,"Tuntas","Belum Tuntas")) -> Belum Tuntas | I13: =IF(F13="","",IF(G13="A","Penguasaan kompetensi sangat baik.",IF(G13="B","Penguasaan kompetensi baik.",IF(G13="C","Penguasaan kompetensi cukup dan masih perlu penguatan.","Belum mencapai KKM.")))) -> Belum mencapai KKM.
A14: 6 | B14: AWULIA SOLIHATUN ZAHWA | C14: P | F14: =IF(B14="","",IF('FORMAT PENILAIAN'!$H$14<>100,"",ROUND(D14*'FORMAT PENILAIAN'!$C$15/100+E14*'FORMAT PENILAIAN'!$C$16/100,2))) -> 0 | G14: =IF(F14="","",IF(F14>='FORMAT PENILAIAN'!$B$8,"A",IF(F14>='FORMAT PENILAIAN'!$B$9,"B",IF(F14>='FORMAT PENILAIAN'!$B$10,"C","D")))) -> D | H14: =IF(F14="","",IF(F14>='FORMAT PENILAIAN'!$B$5,"Tuntas","Belum Tuntas")) -> Belum Tuntas | I14: =IF(F14="","",IF(G14="A","Penguasaan kompetensi sangat baik.",IF(G14="B","Penguasaan kompetensi baik.",IF(G14="C","Penguasaan kompetensi cukup dan masih perlu penguatan.","Belum mencapai KKM.")))) -> Belum mencapai KKM.
A15: 7 | B15: BILQIS HIKMATUZZULFA | C15: P | F15: =IF(B15="","",IF('FORMAT PENILAIAN'!$H$14<>100,"",ROUND(D15*'FORMAT PENILAIAN'!$C$15/100+E15*'FORMAT PENILAIAN'!$C$16/100,2))) -> 0 | G15: =IF(F15="","",IF(F15>='FORMAT PENILAIAN'!$B$8,"A",IF(F15>='FORMAT PENILAIAN'!$B$9,"B",IF(F15>='FORMAT PENILAIAN'!$B$10,"C","D")))) -> D | H15: =IF(F15="","",IF(F15>='FORMAT PENILAIAN'!$B$5,"Tuntas","Belum Tuntas")) -> Belum Tuntas | I15: =IF(F15="","",IF(G15="A","Penguasaan kompetensi sangat baik.",IF(G15="B","Penguasaan kompetensi baik.",IF(G15="C","Penguasaan kompetensi cukup dan masih perlu penguatan.","Belum mencapai KKM.")))) -> Belum mencapai KKM.
A16: 8 | B16: EVIANA | C16: P | F16: =IF(B16="","",IF('FORMAT PENILAIAN'!$H$14<>100,"",ROUND(D16*'FORMAT PENILAIAN'!$C$15/100+E16*'FORMAT PENILAIAN'!$C$16/100,2))) -> 0 | G16: =IF(F16="","",IF(F16>='FORMAT PENILAIAN'!$B$8,"A",IF(F16>='FORMAT PENILAIAN'!$B$9,"B",IF(F16>='FORMAT PENILAIAN'!$B$10,"C","D")))) -> D | H16: =IF(F16="","",IF(F16>='FORMAT PENILAIAN'!$B$5,"Tuntas","Belum Tuntas")) -> Belum Tuntas | I16: =IF(F16="","",IF(G16="A","Penguasaan kompetensi sangat baik.",IF(G16="B","Penguasaan kompetensi baik.",IF(G16="C","Penguasaan kompetensi cukup dan masih perlu penguatan.","Belum mencapai KKM.")))) -> Belum mencapai KKM.
A17: 9 | B17: FAHIRA | C17: P | F17: =IF(B17="","",IF('FORMAT PENILAIAN'!$H$14<>100,"",ROUND(D17*'FORMAT PENILAIAN'!$C$15/100+E17*'FORMAT PENILAIAN'!$C$16/100,2))) -> 0 | G17: =IF(F17="","",IF(F17>='FORMAT PENILAIAN'!$B$8,"A",IF(F17>='FORMAT PENILAIAN'!$B$9,"B",IF(F17>='FORMAT PENILAIAN'!$B$10,"C","D")))) -> D | H17: =IF(F17="","",IF(F17>='FORMAT PENILAIAN'!$B$5,"Tuntas","Belum Tuntas")) -> Belum Tuntas | I17: =IF(F17="","",IF(G17="A","Penguasaan kompetensi sangat baik.",IF(G17="B","Penguasaan kompetensi baik.",IF(G17="C","Penguasaan kompetensi cukup dan masih perlu penguatan.","Belum mencapai KKM.")))) -> Belum mencapai KKM.
A18: 10 | B18: HAYATUSSIFA | C18: P | F18: =IF(B18="","",IF('FORMAT PENILAIAN'!$H$14<>100,"",ROUND(D18*'FORMAT PENILAIAN'!$C$15/100+E18*'FORMAT PENILAIAN'!$C$16/100,2))) -> 0 | G18: =IF(F18="","",IF(F18>='FORMAT PENILAIAN'!$B$8,"A",IF(F18>='FORMAT PENILAIAN'!$B$9,"B",IF(F18>='FORMAT PENILAIAN'!$B$10,"C","D")))) -> D | H18: =IF(F18="","",IF(F18>='FORMAT PENILAIAN'!$B$5,"Tuntas","Belum Tuntas")) -> Belum Tuntas | I18: =IF(F18="","",IF(G18="A","Penguasaan kompetensi sangat baik.",IF(G18="B","Penguasaan kompetensi baik.",IF(G18="C","Penguasaan kompetensi cukup dan masih perlu penguatan.","Belum mencapai KKM.")))) -> Belum mencapai KKM.
A19: 11 | B19: INTAN CAHYANI PUTRI AZZAHRA | C19: P | F19: =IF(B19="","",IF('FORMAT PENILAIAN'!$H$14<>100,"",ROUND(D19*'FORMAT PENILAIAN'!$C$15/100+E19*'FORMAT PENILAIAN'!$C$16/100,2))) -> 0 | G19: =IF(F19="","",IF(F19>='FORMAT PENILAIAN'!$B$8,"A",IF(F19>='FORMAT PENILAIAN'!$B$9,"B",IF(F19>='FORMAT PENILAIAN'!$B$10,"C","D")))) -> D | H19: =IF(F19="","",IF(F19>='FORMAT PENILAIAN'!$B$5,"Tuntas","Belum Tuntas")) -> Belum Tuntas | I19: =IF(F19="","",IF(G19="A","Penguasaan kompetensi sangat baik.",IF(G19="B","Penguasaan kompetensi baik.",IF(G19="C","Penguasaan kompetensi cukup dan masih perlu penguatan.","Belum mencapai KKM.")))) -> Belum mencapai KKM.
A20: 12 | B20: KESSYA SYIFAUR ROHMAH | C20: P | F20: =IF(B20="","",IF('FORMAT PENILAIAN'!$H$14<>100,"",ROUND(D20*'FORMAT PENILAIAN'!$C$15/100+E20*'FORMAT PENILAIAN'!$C$16/100,2))) -> 0 | G20: =IF(F20="","",IF(F20>='FORMAT PENILAIAN'!$B$8,"A",IF(F20>='FORMAT PENILAIAN'!$B$9,"B",IF(F20>='FORMAT PENILAIAN'!$B$10,"C","D")))) -> D | H20: =IF(F20="","",IF(F20>='FORMAT PENILAIAN'!$B$5,"Tuntas","Belum Tuntas")) -> Belum Tuntas | I20: =IF(F20="","",IF(G20="A","Penguasaan kompetensi sangat baik.",IF(G20="B","Penguasaan kompetensi baik.",IF(G20="C","Penguasaan kompetensi cukup dan masih perlu penguatan.","Belum mencapai KKM.")))) -> Belum mencapai KKM.
... A31: 23 | B31: WINARSIH TRINIFISKA PUTRI | C31: P | F31: =IF(B31="","",IF('FORMAT PENILAIAN'!$H$14<>100,"",ROUND(D31*'FORMAT PENILAIAN'!$C$15/100+E31*'FORMAT PENILAIAN'!$C$16/100,2))) -> 0 | G31: =IF(F31="","",IF(F31>='FORMAT PENILAIAN'!$B$8,"A",IF(F31>='FORMAT PENILAIAN'!$B$9,"B",IF(F31>='FORMAT PENILAIAN'!$B$10,"C","D")))) -> D | H31: =IF(F31="","",IF(F31>='FORMAT PENILAIAN'!$B$5,"Tuntas","Belum Tuntas")) -> Belum Tuntas | I31: =IF(F31="","",IF(G31="A","Penguasaan kompetensi sangat baik.",IF(G31="B","Penguasaan kompetensi baik.",IF(G31="C","Penguasaan kompetensi cukup dan masih perlu penguatan.","Belum mencapai KKM.")))) -> Belum mencapai KKM.
A34: REKAP KELAS
A35: Jumlah Siswa | B35: =COUNTIF(B9:B31,"<>") -> 23 | E35: Predikat | F35: Jumlah
A36: Siswa Tuntas | B36: =COUNTIF(H9:H31,"Tuntas") -> 0 | E36: A | F36: =COUNTIF(G9:G31,E36) -> 0
A37: Belum Tuntas | B37: =COUNTIF(H9:H31,"Belum Tuntas") -> 23 | E37: B | F37: =COUNTIF(G9:G31,E37) -> 0
A38: Persentase Ketuntasan | B38: =IF(B35=0,0,B36/B35) -> 0 | E38: C | F38: =COUNTIF(G9:G31,E38) -> 0
A39: Rata-rata Kelas | B39: =IFERROR(AVERAGE(F9:F31),0) -> 0 | E39: D | F39: =COUNTIF(G9:G31,E39) -> 23
A40: Nilai Tertinggi | B40: =IFERROR(MAX(F9:F31),0) -> 0
A41: Nilai Terendah | B41: =IFERROR(_xludf.MINIFS(F9:F31,F9:F31,">0"),0) -> 0
